batch,index,music,hashtag,author,likes,comments,shares,saves
1,0,original sound - YahneOfficialASMRBarbie,"facecard, asmrbarbie, asmr, asmrglue",yahneofficial,2700000,6181,137500,14400
1,1,original sound - divin,,ellielobio,237400,472,21200,620
1,2,original sound - REEKON Tools,,reekontools,643400,3887,105500,77700
1,3,som original - lalarinha,,breckiehill,75600,1199,87200,812
1,4,original sound - deleterae,"@deleterae, selideleterae, fanpage, foryou, fyp, viral",deleterae,762,247,179,28
1,5,–æ—Ä–∏–≥–∏–Ω–∞–ª—å–Ω—ã–π –∑–≤—É–∫ - –Ω–∏–∫—Ç–æ,,realburnttoasthehe,310100,1035,45700,3375
1,6,nh·∫°c n·ªÅn - Cileca,"funnyvideos, funny, cute, fyb",neznudvtcal,112900,3592,19700,4813
1,7,original sound - allison,fyp,redhairgorl,151300,856,29400,2208
1,8,original sound - slspalace,"candaceowens, candacereacts, lilrt, children, rapping",sealspalace,147800,12200,33900,1670
1,9,Only Love Can Hurt Like This (Slowed Down Version) - Paloma Faith,mtbro,mahendramagar009,251300,17500,48900,99600
1,10,original sound - Kelly & Kody,"comedy, relationship, couple, funnyvideos, foryou",positravelty,1200000,22100,115900,262400
2,0,original sound - zuzik ‚òÖ,"2ndborn, dadanddaughter, minebylove, fyp, foryou",derickjohnson2,19100,705,1025,457
2,1,Lovin On Me - Jack Harlow,"fyp, egirl, viral, fakebody",daisybloomss,98300,749,10300,319
2,2,ÂéüËÅ≤ - youvimidress,"fyp, youvimi, blackless",youvimidress,109600,3466,20500,9577
2,3,nh·∫°c n·ªÅn - Funnymeme,,funnymeme.us3,62000,752,11300,1325
2,4,original sound - ThaRealRedTrvpStunna,"@bearvana, sashacarter, az, fyp, relatable",youcanrelatetosasha,98800,380,20000,458
2,5,original sound - RyanTheLeader,,ryantheleader,2400000,12700,126100,83000
2,6,Meow - Dust‚òÜ,"@scarathecutie, voiceover, voiceovers, elsa, elsafrozen, anna, annafrozen, frozen, frozenmovie, frozenmoment, frozenmoments, frozenelsa, frozenanna, elsaandanna, annaandelisa, frozenelsaandanna, arendelle, disney, disneymovies, disneymovie, disnevplus, disneyanimation, disneyplus, disneyfrozen, princessanna, queenelsa, princehans, hans, princehansofthesouthernisles, hansofthesouthernisles",risottosimp3000_3.0,48200,1142,10100,2041
2,7,AIN'T GONNA ANSWER - NLE Choppa & Lil Wayne,@gavinmagnus,lovealwayspiper,144900,3781,10800,837
2,8,original sound - MILITARY EDIT 3,"funnymoments, navy",military_lp,41300,221,5267,133
2,9,original sound - Gavin.kernstinee,igmirandahhmarie,mirandahshaul,412000,1841,45000,7213
2,10,original sound - clips.theboondocks,,vera.jrr,741800,12300,50700,3713
2,11,Titanic flute fail - Funny/Awesome Vids,,gomeznotselena,11400000,142100,878900,863000
2,12,original sound - OFF‚Ñ¢,fyp,lelasohna,29300,328,8391,525
2,13,original sound - Wonky Donkey,,_wonky_donkey_,246400,6760,25100,23800
2,14,Love Is Beautifully Painful (Ghost Duet Version) - Darkrose,"fyp, foryou, foryoupage, emotional, dad, son, trans, viral",dailytokky,392000,6848,51700,7208
2,15,original sound - IDKüò´,"fyp%E3%82%B7, icespicemunch, icespice, edits, aftereffects, viral, blowthisup",frennazone,21900,0,3691,152
2,16,Went Silly - King Von,"robloxhoodgame, robloxhoodrp, kingvon, oblock, cheating, ak",krazybando,13300,500,2795,304
2,17,–æ—Ä–∏–≥–∏–Ω–∞–ª—å–Ω—ã–π –∑–≤—É–∫ - –Ω–∏–∫—Ç–æ,,esterbron1,44700,404,150400,482
2,18,original sound - JSCM_movies,"movies, foryou, movie, movieclips, fyp",jscm_movies6,601700,20000,117400,13200
2,19,Thank you to my ma - postinghellcatt,"tall, family",marietemara4.0,100900,2424,5401,989
2,20,original sound - mills.999,loimposibleesposible,mills.969,6600000,45500,606400,338900
2,21,original sound - Kenayo Frederick,"fyp, fu, freesaucegod, highlightertutorial",nhlfreesaucegod,279900,1678,106000,4457
2,22,som original - elsonoliveira229,,elsonoliveira9781,563900,93500,68700,223400
2,23,original sound - Little Poppy,"fyp, skit",little.princess.poppy,18800,56,2741,146
2,24,original sound - Marsplutoedits,"fyp, foryou, foryoupage, latina",iammariaminah,12600,57,1231,57
2,25,original sound - ICE SPICE FAN,"@icespicee, icespice, icespicecult, icespiceperformance, scarlettour, icespiceisqueen, icespiceeedit, icespicefans, icespicefan, icespicebronx, trending",icespice_baddie1,78800,547,11900,699
2,26,original sound - Mr. There it go,"snowboardinggirl, skiergirl, gondola",venessanutz,298800,1021,63600,4151
2,27,original sound - Lustra Clear,"randomfacts, satisfyingvideos, viral, fyp",lustraclear,256300,51600,31300,154300
3,0,som original - Tal‚ÄÇpai‚ÄÇtal‚ÄÇfilho,,babyjoaomiguel07,2400000,35800,177200,174900
3,1,original sound - Julia,,krissymfkummins,2500000,21500,261300,132100
3,2,Originalton - messy tea,"dancemoms, hair, aldc, fyp, fyp%E3%82%B7, funny",messy.tea,275800,1300,22500,569
3,3,original sound - Debbie Valdez,"fyp, fyp%E3%82%B7, couple, couplecomedy, couple, foryoupage, relationship, couplegoals, viral, couplelove, trending, xybca, funny, couplestiktok, relatable, foryou, boyfriend",debbiekval,2400000,4864,192800,17700
3,4,original sound - Shlatfish,,shlatfish,3900000,35000,585600,62900
3,5,suono originale - zeusqtrl,"dragonpuppet%F0%9F%98%BB%E2%9D%A4%EF%B8%8F%F0%9F%90%B2%F0%9F%90%89, dragonpuppets, fyp, fyp, foryou, foryoupage, trending, viral, followme, nohateplz, ocs, ocart, myoc, ocdrawing, foryoupage",keyo_that_dragonzz,89,8,19,0
3,6,Love songs - ‚≠êÔ∏è,,sna_couple_,56800,1126,6402,3027
3,7,Candyman (Ultimix Mixshow) - Christina Aguilera,,lexibrookerivera,2000000,16100,196400,18800
3,8,original sound - Paul Olima,"Flying, Plane, Airports, @svengudvunsun, @meettheharrisons, @emilyfayemiller",olima_omega,210800,1492,17100,3729
3,9,sonido original - Lunatico lyricsüåôü§é,,angiesegundacuenta,6863,102,570,34
3,10,original sound - Brittany Muddamalle,"multiracialfamily, tiktokfamily, whitemom",almostindianwife,1100000,3885,54700,8140
3,11,original sound - Owen Lynch,,hahowen,253300,521,16700,182
3,12,original sound - Sierra Larson,"fyp, fypage, trendy, romantoolit, thanksgiving",theonlyromantoolit,98400,666,16600,363
3,13,original sound - Soliana Sapp,"nursing, medicalstudent, surgicaltechnologist, laboranddelivery, nursingstudent, cna",michaelaa.elise,19100,125,1274,590
3,14,nh·∫°c n·ªÅn - „Ö§„Ö§„Ö§„Ö§„Ö§„Ö§„Ö§„Ö§,,zhuhhsh,1600000,16200,143600,70200
3,15,original sound - Kendalle Dabrat,"fyp, plane",bracefacekendalle,405300,3455,45900,1291
3,16,original sound - alexei,,sloan_____,174,23,1,0
3,17,Think u the shi b you not even the fart - Songs4u.16,,icespicee,466000,9625,23800,1439
3,18,original sound - CAITLYN JAYE,,caitlyn.jaye,351600,3008,16800,1547
3,19,original sound - ashley rose,,ashleyroseclips,15400,86,1520,8
3,20,real - blizz ‚ñ≥,"runningaway, vent, mentalhealth, mentalhealthawareness, mentalhealthmatters, recovery, mentallyunstable, emotionaldamage, emotionallyunstable, emotionallyunavailaible, runningawayfromhome, fy, fyp, fyp%E3%82%B7",stellisaurus,530900,1642,64300,1266
3,21,Barbie World (with Aqua) [From Barbie The Album] - Nicki Minaj & Ice Spice & Aqua,"icespice, munch, icespiceconcert, fyp, foryou, concert, dansechallenge, pourtoi",icee_spiceefan,102900,1542,10500,1438
3,22,original sound - torross.crafted,"asmr, leathercraft, leathertiktok",torross.crafted,719900,3989,49500,3902
3,23,original sound - lakyiamornes,,kyiasamone,5600000,42400,318400,158000
3,24,original sound - braydin,,kawaiisofey,159300,462,24300,520
3,25,original sound - f u n n y moments,"fyp, couple, couplecomedy",funnyviralvms,299600,6475,34500,3423
3,26,AIN'T GONNA ANSWER - NLE Choppa & Lil Wayne,,nevaaadaa,110800,1589,9751,349
4,0,original sound - Avery,"sephora, fyp%E3%82%B7, storytime, viralproducts, girlythings, makeupreview, makeuphacks, kidsatsephora, elfcosmeticsmusthave, sephoraliplooks, sephorahaul, sephorasquad, sephorasale, drunkelephantskincare, getreadywithme, viralproducts2023, elfcosmetics",avery22w,467500,4081,32299,2163
4,1,original sound - BeccasShopp,"allegedly, allegedly, tdjakes, tdjakesministries, thepottershouse, manassahjordan, evidence, whatdoyouthink, foryourpage, fyp",bmiles1026,27400,4231,4994,5569
4,2,original sound - Mike Landolt,"wow, laineywilson, roadrunner, loveit, %E2%9D%A4%EF%B8%8F, countrymusic, tiktok, love, follow, like, explorepage, likeforlikes, letsgo, trending, music, cute, music, likes, lfl, repost, followme, foryou, loveyou, foryoupage, fyp, viralvideos, tik, tok, fy, fyy, country, livemusic, like, star, concert, fan, concerts, fans, video, new, fun, fire, mustsee, musicvideo, singer, famous, pretty, hot, perfect, country, countrysinger, nashville, countrygirl, instagood, beautiful, happy, fyp%E3%82%B7%E3%82%9Aviral, virall, viralvideo, viraltiktok, fyppage, repost, perfect, laineywilsondumptruck, lainey, queen, laineywilsonmusic, dance, dancing, laineywilsonconcert, crowd, passion, superstar",livingthegoodlife24,506600,1895,23700,2647
4,3,original sound - vy üçì,"alaska, alaskaair",strawberr.vy,3400000,56100,195700,277400
4,4,original sound - Humor Animations,"@vxo13, manager, worklife, managerproblems, employee, workplace, workplaceproblems, workplacehumor, foryou, foryoupage, usa, usa_tiktok, animationmeme",humor_animations,747000,11000,62400,55000
4,5,original sound - Chloe Taylor,"thingsgirlsdo, chloetayloruk, relatable, fortheboys",chloetayloruk,353600,4405,38200,2113
4,6,original sound - eazymann2499,"viral, fyp%E3%82%B7, youtubechannel_beazymann, icespice, taylorswift, superbowl",b_eazymann,7558,1373,1001,4549
4,7,original sound - Dark Predictions,"fyp, venturabeach, california",darkpredictions,68700,3351,5033,5413
4,8,Paris - Else,"barbarao, gmo, food, nutrients, stories, putin, story, fyupage, learnontiktok, healthy, happy, natyyourscientist",nyscientist,55800,1793,12000,16000
4,9,"""Moonlight"" in the dream (Beethoven) - LEOPARD","narcissist, revenge, selfawareness, selfawarenarcissist, thebatwolf",the_bat_wolf,44800,1569,9244,5233
4,10,original sound - Female Quotient,,femalequotient,227900,1306,9974,1664
4,11,sonido original - ADELEMX,"rollinginthedeep, adele, adeleadkins, adelefans, adeletupatrona, fyp",adelefanpagemx,6300000,32200,596100,37400
4,12,original sound - Swifties Taylors fans,"@taylorswift, vmas, taylorswift, arianagrande, jlo, showmustgoon",swifties200,156000,605,6568,367
4,13,Originalton - Skeletor,"fy, fyp, foryou, fyp%E3%82%B7, people, wisdomofskeletor, wisdom",i8chiller,467500,1520,41000,36000
4,14,original sound - CarSyncCentral,"carplay, fyp%E3%82%B7",carsynccentral,4262,36,1673,488
4,15,original sound - Carlos_Eduardo_Espina,,carlos_eduardo_espina,195100,15400,17800,40700
4,16,Hoist the Colours - Bass Singers Version - Bobby Bass,"northsea, explore, adventure, fyp, foryou",ourplanet.8,142200,2953,14400,5295
4,17,Hard News - DM Production,"patrickmahomes, chiefs, taylorswift, swifties, riristea, rivetsoro",riristea,217200,304,5025,253
4,18,son original - the.trump.fan2024,"trumpshirts, realdonaldtrump, donaldtrump, donaldtrumpfan, trump2024, maga, republicans, american, trumpsupporters, uspresidents, politicaldebate, maga2024, trump, trump2024, motivation, trumpmotivation",thetrumpfan2024,374500,14300,18800,36000
4,19,original sound - Donald_Newshd,"trump2024, donaldtrump, trump",donald_newshd,5439,453,396,263
